timestep,value_target_mean_abs,value_target_max_abs,adv_mean_prenorm,adv_std_prenorm,nonzero_raw_reward_frac,clip_fraction,entropy,approx_kl
2048,1.179637402834942,36.83551025390625,-0.7614085234022099,3.6304362477684236,0.0048828125,0.1365234375,9.972820875048637,0.015472181141376495
4096,1.7740808025506993,35.34273910522461,-0.9633489808074671,3.77680250676524,0.00634765625,0.1462890625,10.060487839579583,0.016204552724957466
6144,1.6204455624151421,22.38286018371582,0.11085301002884762,1.6100623566728072,0.0009765625,0.184765625,10.104858213663102,0.01769064925611019
8192,1.7266151840353814,3.7285711765289307,0.27916390110222267,0.46925274880504925,0.0,0.19228515625,10.131354334950448,0.01784442737698555
10240,1.1783449138321185,3.1561927795410156,0.23083881944202744,0.34160121731402543,0.0,0.186181640625,10.160362401604653,0.018349692225456238
12288,0.9403459433284524,2.936830997467041,0.15060989728180374,0.30386449107615365,0.0,0.173095703125,10.154050129652024,0.015642017126083374
14336,0.644317659433554,2.245558261871338,0.11031189215887593,0.27833096432173976,0.0,0.1494140625,10.176478803157806,0.014053716324269772
16384,0.5645922107923198,1.835716724395752,0.12395058714235319,0.2156314625463953,0.0,0.133203125,10.198396536707879,0.013356697745621204
18432,0.5931195779619216,2.372140407562256,0.08750574280414725,0.21569300411502532,0.0,0.14296875,10.212453377246856,0.01245046965777874
20480,0.6231235687097545,2.1417906284332275,0.09644797197017141,0.18729309960552004,0.0,0.148974609375,10.246566969156266,0.014394782483577728
22528,0.49981360411001496,2.041747570037842,0.06965670280053615,0.1843396947157746,0.0,0.161376953125,10.257505217194558,0.013658575713634491
24576,0.4820823221241426,1.6602345705032349,0.06710343907136185,0.1790756489582271,0.0,0.177392578125,10.27345934510231,0.015633221715688705
26624,0.4452026688533408,2.0084526538848877,0.054828012761182876,0.15139251549904717,0.0,0.173095703125,10.296997511386872,0.016579318791627884
28672,0.418238342865493,1.6329362392425537,0.060032203598257894,0.13945088581693632,0.0,0.15556640625,10.320636656880378,0.01507701724767685
30720,0.3495761988401611,1.5314137935638428,0.04398004818209955,0.13652064654329393,0.0,0.167236328125,10.32860432267189,0.01457993034273386
32768,0.3757879238566577,1.3609410524368286,0.044360446754858174,0.12641508268857202,0.0,0.168505859375,10.30627654492855,0.0151176443323493
34816,0.3422975212172972,1.3947491645812988,0.03636993937936284,0.1137831489203856,0.0,0.172216796875,10.295085254311562,0.015376722440123558
36864,0.29357013169776724,1.0648914575576782,0.0242059480068626,0.10933246727937826,0.0,0.1453125,10.298639377951622,0.01455976627767086
38912,0.3664733161802811,1.3935012817382812,0.023201618234419463,0.11265630939348924,0.0,0.14775390625,10.296221429109574,0.012826819904148579
40960,0.3185185620429145,1.2715014219284058,0.02419483086011276,0.1100126599212834,0.0,0.168310546875,10.295046091079712,0.01560517679899931
43008,0.32939445111569654,1.2814134359359741,0.018236804905006565,0.1003163801876525,0.0,0.1583984375,10.293113854527473,0.01479173731058836
45056,0.31872392945751926,1.1538619995117188,0.019501060676454962,0.09224306310457721,0.0,0.1501953125,10.303101751208306,0.01358751766383648
47104,0.3558882180650187,1.2850022315979004,0.005110951088173721,0.0915885573893089,0.0,0.15556640625,10.335349109768867,0.013810867443680763
49152,0.38571385468788577,1.1996285915374756,0.011383156401183592,0.09192997247701538,0.0,0.16669921875,10.340020141005516,0.01623876765370369
51200,0.34228078229790526,1.2267634868621826,0.010683706086405786,0.08676667437658757,0.0,0.177734375,10.30455786883831,0.01588033139705658
53248,0.3447745843917076,1.097084879875183,0.0016744695855557823,0.0833185562565082,0.0,0.171142578125,10.303554910421372,0.014691011980175972
55296,0.3819698490592174,1.2171738147735596,0.0053963553413192145,0.0776180817828706,0.0,0.162255859375,10.329812961816788,0.014137553051114082
57344,0.36110439640230396,1.2159959077835083,0.0010449755749633027,0.07767378931102145,0.0,0.143896484375,10.342056381702424,0.012277917936444283
59392,0.2994158139346581,1.0833407640457153,0.005307427868100234,0.07423421258072095,0.0,0.164111328125,10.289966133236884,0.014025900512933731
61440,0.3332257957286302,1.0280669927597046,-0.0003213938685597828,0.06936912142070427,0.0,0.1494140625,10.257362815737725,0.013384014368057251
63488,0.2750749869724487,1.0314017534255981,0.0011319858181613185,0.06542162046615237,0.0,0.155322265625,10.246800875663757,0.014053206890821457
65536,0.2940979587429329,1.0198073387145996,0.0028128773188438316,0.07178641094744766,0.0,0.1478515625,10.221050891280175,0.013527970761060715
67584,0.2953267028654203,0.9271030426025391,0.0008586386129074697,0.06805795084347947,0.0,0.172265625,10.216838559508323,0.014938613399863243
69632,0.3871700296548397,1.0320525169372559,-0.00028836944417065524,0.060769791170339156,0.0,0.158154296875,10.20943261384964,0.014015068300068378
71680,0.26468604257819806,0.8452162742614746,0.0006862382920367338,0.05998872194416782,0.0,0.17822265625,10.197906640172004,0.015300910919904709
73728,0.33013126683269434,0.863685667514801,-0.0005107364976385531,0.05496792797443274,0.0,0.150634765625,10.182087966799736,0.01383287739008665
75776,0.24929956980611934,0.8944458961486816,0.0009733690385758109,0.058393715190957166,0.0,0.176806640625,10.159595772624016,0.014230702072381973
77824,0.23090755883430436,0.9267350435256958,0.001550715137401737,0.05795930008050467,0.0,0.19912109375,10.158671727776527,0.016697153449058533
79872,0.2797298038667577,0.8522021770477295,9.234725879903039e-05,0.05421506711139638,0.0,0.186328125,10.149133452773095,0.0163421668112278
81920,0.501401390211079,27.802640914916992,-0.2475185333917309,1.8854643848461206,0.00146484375,0.15947265625,10.158927696943284,0.013212577439844608
83968,0.36457050407457814,1.0467768907546997,0.012741982665193774,0.2608492740583482,0.0,0.17578125,10.158189642429353,0.01552298292517662
86016,0.2770164757104556,0.9044334888458252,0.004114375314847152,0.16334338065441045,0.0,0.228271484375,10.13209707736969,0.01910441741347313
88064,0.24682761988560742,0.7891368269920349,0.013440833134371388,0.09492039772485211,0.0,0.1828125,10.12596708536148,0.015621447004377842
90112,0.29752925536105024,0.8599952459335327,-0.006368761737082451,0.09154778061062074,0.0,0.185595703125,10.114255771040916,0.014759082347154617
92160,0.2428782199302475,0.7351566553115845,0.013259769222656814,0.09648200886414687,0.0,0.18232421875,10.12036752998829,0.015629572793841362
94208,0.47033324503949103,19.045377731323242,-0.24847198743711646,1.695711473887163,0.001953125,0.16494140625,10.173658573627472,0.015134196728467941
96256,0.2681109840261442,1.442091703414917,0.060747374075337035,0.4595510392194669,0.0,0.194287109375,10.22104883491993,0.016898667439818382
98304,0.21178582896956755,0.9907281994819641,0.05470259652632947,0.21034207864914375,0.0,0.20302734375,10.228345689177512,0.01684611849486828
100352,0.17314308782403853,0.6368678212165833,0.030236900139058775,0.12830032557070828,0.0,0.162841796875,10.211901339888573,0.014259431511163712
102400,0.18859935849192055,0.6123770475387573,0.026615879462451808,0.11283951921290591,0.0,0.168701171875,10.189115366339683,0.014400634914636612
104448,0.17678180006451782,0.6013665795326233,0.013624473872955623,0.09083287425604067,0.0,0.164501953125,10.190344163775444,0.013567663729190826
106496,0.1830775919999139,0.6708933711051941,0.04002933346057169,0.10087569932839074,0.0,0.16513671875,10.177035471796989,0.014183728955686092
108544,0.20750425064417755,0.5873141288757324,0.00785993416185149,0.07722824033262903,0.0,0.163623046875,10.149951368570328,0.0141385393217206
110592,0.19873918581313887,0.5597575902938843,0.027062740466433866,0.07535232613357193,0.0,0.15126953125,10.155284622311592,0.012696456164121628
112640,0.17451913215795933,0.5158478021621704,0.02859635875369848,0.07159892125061602,0.0,0.168115234375,10.156156021356583,0.013052238151431084
114688,0.12221016841199095,0.44993501901626587,0.021921818271148474,0.06865506243098807,0.0,0.213671875,10.151892769336701,0.0167001411318779
116736,1.0009739105715312,100.20519256591797,0.8364966758645282,6.456727409133814,0.00048828125,0.078466796875,10.138631895184517,0.009542606770992279
118784,1.4806412836716447,5.625514984130859,-0.19019249151854156,0.8077569544243265,0.0,0.188037109375,10.128463301062585,0.015823908150196075
120832,1.5287898840517187,3.788707971572876,0.17765621397214204,0.6391574866530751,0.0,0.19921875,10.144690975546837,0.01680595800280571
122880,1.701951589770033,26.524593353271484,-0.4078002585279705,1.7801099784524348,0.00146484375,0.19248046875,10.15464527308941,0.015538651496171951
124928,0.5475917618535675,2.0406737327575684,-0.04589816195233709,0.47602213794659026,0.0,0.183154296875,10.144101786613465,0.01633291319012642
126976,0.8129749140683344,28.3169002532959,-0.39840528770260875,2.3047158720192837,0.00244140625,0.149560546875,10.145202213525772,0.015542489476501942
129024,0.539627825423878,1.4786807298660278,-0.04507303536475149,0.5716628717463036,0.0,0.211083984375,10.112433779239655,0.017652200534939766
131072,0.40421496855908146,9.055112838745117,-0.09911772261267338,0.700132004558448,0.00048828125,0.170654296875,10.088764709234237,0.014958810992538929
133120,0.3374996138237094,2.171903371810913,0.05255480926175693,0.46602733769716576,0.0,0.214306640625,10.114090856909751,0.0170933548361063
135168,0.16850222367244605,0.7591578960418701,-0.0028327852337106663,0.21032599457378764,0.0,0.221826171875,10.137618905305862,0.01618383452296257
137216,0.38809987342151153,18.825958251953125,-0.1899432826379268,1.2710603901622972,0.0009765625,0.16259765625,10.17928578555584,0.014584982767701149
139264,0.9982018419639189,35.316097259521484,-0.4482258296862085,2.6968652814551786,0.0029296875,0.112109375,10.221833470463753,0.010977410711348057
141312,0.7035910254488869,2.4523746967315674,-0.015066192586346006,0.7057361649363874,0.0,0.198046875,10.238662999868392,0.015469585545361042
143360,0.30918421015654474,1.4976404905319214,0.0397173179967929,0.35166462424957173,0.0,0.20419921875,10.243550631403924,0.017490770667791367
145408,0.25040918371892573,1.2973343133926392,0.06595921102546676,0.25330614579671434,0.0,0.208154296875,10.264682078361512,0.01596887782216072
147456,0.30312918160760294,1.2118369340896606,0.000301416770614793,0.27841813979632707,0.0,0.2107421875,10.282655245065689,0.0178892370313406
149504,0.25992190523140835,0.9441355466842651,-0.009521617023622753,0.2249803320504956,0.0,0.194580078125,10.270460006594657,0.016694117337465286
151552,0.1893162023375492,1.2346011400222778,0.05712374266842346,0.22442722306950325,0.0,0.21181640625,10.275890070199967,0.017622847110033035
153600,0.5853803589635014,43.74107360839844,-0.3958083408853952,3.0647882126716244,0.00244140625,0.1291015625,10.313188537955284,0.011340067721903324
155648,1.639541090559952,4.896261215209961,0.23241799820961973,0.6556855567052474,0.0,0.18203125,10.324238348007203,0.01597224920988083
157696,1.3845383123798882,20.44637680053711,0.06640451409849613,1.3375621300969271,0.0009765625,0.1578125,10.31666669845581,0.01206300314515829
159744,1.0311451043831852,3.212878942489624,0.19921651906798843,0.4923354947167068,0.0,0.221337890625,10.311579129099846,0.018101636320352554
161792,0.4532168199776052,3.047792911529541,0.008929928453826008,0.40762179846215857,0.0,0.20302734375,10.311219063401222,0.016748294234275818
163840,0.34117909069783536,1.4705089330673218,-0.0006931550198076009,0.2310456108113249,0.0,0.198388671875,10.312820050120354,0.015901770442724228
165888,0.2519523741568577,1.4789212942123413,0.02109767079304703,0.19921917532272132,0.0,0.200634765625,10.313491851091385,0.01578722894191742
167936,0.19615277464340153,1.1157885789871216,0.0339140370946609,0.14638731596453422,0.0,0.190625,10.310915553569794,0.015812652185559273
169984,0.20423367898734313,0.8707603216171265,0.03690980737527916,0.19066538845981285,0.0,0.151904296875,10.320295143127442,0.012284362688660622
172032,0.16209612630912673,0.7195858955383301,0.0017088196998358285,0.15853844403277242,0.0,0.2181640625,10.31595512330532,0.01767488569021225
174080,0.17489279493925736,0.7859523892402649,0.009493010944071845,0.1375104423966548,0.0,0.19287109375,10.29188052713871,0.015556683763861656
176128,0.14469454521905334,0.7710424065589905,0.012178815881922489,0.12193981388403202,0.0,0.188232421875,10.281611207127572,0.016119832172989845
178176,0.17485644151981883,1.0554004907608032,0.0004235129318175268,0.12922956745768577,0.0,0.201708984375,10.273133024573326,0.01696571707725525
180224,0.24124681766679856,0.7753617167472839,-0.0026059882356008757,0.10944007764219309,0.0,0.19814453125,10.256368499994277,0.01692863181233406
182272,0.2963227616150075,1.1025519371032715,0.051541224358775395,0.17922737400618238,0.0,0.18828125,10.24475210905075,0.014771709218621254
184320,0.19140614555688984,0.8815507888793945,0.0047450750426918376,0.09683837675441191,0.0,0.19794921875,10.282040649652481,0.01720871776342392
186368,0.2059644642239018,0.8237248659133911,0.01709244001452248,0.12400003920745993,0.0,0.192578125,10.299302992224693,0.016923829913139343
188416,0.20892550940965293,0.8273592591285706,0.03416483905788681,0.16543927466943906,0.0,0.214208984375,10.300703310966492,0.017924785614013672
190464,0.2034026569523597,0.7738909721374512,0.004589457713187528,0.08575767268448901,0.0,0.176318359375,10.312159204483033,0.015558968298137188
192512,0.18162486458083116,0.9928082227706909,0.0022828519929802837,0.0833944554521765,0.0,0.19521484375,10.337576803565025,0.015810437500476837
194560,0.42038952544209707,28.101959228515625,-0.2411633426147679,1.8889322372594082,0.00146484375,0.176416015625,10.386290439963341,0.016807354986667633
196608,0.21615056153282808,1.2640689611434937,0.03102539977712837,0.27046277790108214,0.0,0.195458984375,10.380726581811905,0.01790596731007099
198656,0.29226816838908576,1.3909915685653687,0.024419358599916396,0.3922969458940513,0.0,0.19423828125,10.365496852993966,0.016735773533582687
200704,0.21945920238039474,0.9775541424751282,0.018821168392360477,0.27271378177210875,0.0,0.194970703125,10.353113836050033,0.016223855316638947
202752,0.22043495395173807,0.9264573454856873,-0.000723127121299072,0.1850311716047551,0.0,0.199365234375,10.34326992034912,0.015874221920967102
204800,0.16686356956199688,1.1208621263504028,0.005011114852168319,0.13660879679529583,0.0,0.17998046875,10.333536821603776,0.01621253974735737
206848,0.17459437764613916,0.8647035360336304,-0.00018296376377691104,0.12641265478212171,0.0,0.18955078125,10.33726937174797,0.018013538792729378
208896,0.1676618654608859,0.7220981121063232,0.019500492781377776,0.15123697474598247,0.0,0.194384765625,10.357335636019707,0.015926292166113853
210944,0.1845797215066156,0.9393136501312256,-0.0026740401335114683,0.12109314873729297,0.0,0.181884765625,10.350494918227195,0.014813932590186596
212992,0.15995143543572965,1.0147652626037598,0.001937141717505142,0.10548604778493884,0.0,0.206005859375,10.354364648461342,0.018335752189159393
215040,0.1710268715960055,0.8045044541358948,0.01733504889095272,0.14479138397686178,0.0,0.20888671875,10.37842853665352,0.017633723095059395
217088,0.17921658426686804,0.7762830257415771,0.0020475312394303558,0.10047987725619681,0.0,0.188720703125,10.360132780671119,0.01645774394273758
219136,0.2002149942558944,0.9648293852806091,-0.014347456414661286,0.10421296789877824,0.0,0.183056640625,10.364482173323632,0.015763577073812485
221184,0.22041218838655396,0.9187222719192505,-0.003782021265950064,0.12412235449127122,0.0,0.1908203125,10.382609575986862,0.01550604123622179
223232,0.4039604277192126,28.192481994628906,-0.23635160160948843,1.8861346088251993,0.00146484375,0.174658203125,10.38899547457695,0.013002275489270687
225280,0.48246187981157007,29.84868049621582,-0.18832666222239336,1.8844746824863234,0.00146484375,0.1744140625,10.425864362716675,0.014276169240474701
227328,0.32262654930030976,4.027309417724609,0.021293538126180067,0.8823747446151786,0.0,0.227685546875,10.448803490400314,0.019399985671043396
229376,0.512398874651268,18.824413299560547,-0.19422553655685704,1.3164820075093462,0.0009765625,0.160595703125,10.504603987932205,0.0145205557346344
231424,0.334646164125985,9.516149520874023,-0.0607811088419794,0.7371989013084478,0.00048828125,0.198291015625,10.518575426936149,0.01841682754456997
233472,0.27644485839521593,2.4727110862731934,0.01762107919603295,0.3553265332026568,0.0,0.22265625,10.520574232935905,0.018446993082761765
235520,0.23901581049707943,1.3424078226089478,0.02499855035975429,0.27307154756506247,0.0,0.233056640625,10.555980065464974,0.019338766112923622
237568,0.24101624760702123,1.6193069219589233,0.03459494964947396,0.25857425800319617,0.0,0.211572265625,10.562440195679665,0.016585463657975197
239616,0.14620931465667297,0.8048190474510193,0.031065865519250835,0.16160562914506207,0.0,0.194775390625,10.57485398352146,0.016873840242624283
241664,0.14015942144641969,0.6211071014404297,0.02941240857458638,0.0934348298848631,0.0,0.196875,10.627487948536873,0.016052361577749252
243712,0.16006242122167436,0.9757071733474731,0.009586895069830348,0.12192900292397639,0.0,0.173388671875,10.64604068994522,0.0159907266497612
245760,0.1868203724888673,0.9641929864883423,0.01651717683207843,0.2169843749243295,0.0,0.196826171875,10.628798800706864,0.017611481249332428
247808,0.1529800643539012,0.8105208277702332,0.027558134942277435,0.1264000234060701,0.0,0.205419921875,10.607355523109437,0.016157103702425957
249856,0.1541434079197166,1.0984582901000977,0.01667306601571017,0.1365414880090959,0.0,0.227001953125,10.582092896103859,0.01830817386507988
251904,0.16975450570438233,0.7882657647132874,0.01612814616576763,0.1609037593325323,0.0,0.185498046875,10.574607425928116,0.0171365849673748
253952,0.14161399111659279,0.69669508934021,-0.013132796495291643,0.141667770713002,0.0,0.203857421875,10.58058087527752,0.01611795276403427
256000,0.14391866689743615,1.1468207836151123,0.01057051164084477,0.10805151159266667,0.0,0.187646484375,10.587625339627266,0.015887591987848282
258048,0.13122765693392058,0.9802451133728027,0.000959640115364202,0.11491402868587354,0.0,0.177392578125,10.571307626366615,0.015895050019025803
260096,0.1646039585802157,1.0850728750228882,-0.014745543529270932,0.15923716724914613,0.0,0.190283203125,10.56221686899662,0.015846936032176018
262144,0.12474806336516764,0.8534005284309387,0.0052696982679734106,0.11535536830089876,0.0,0.217333984375,10.564641869068145,0.017891034483909607
264192,0.12148510079369146,1.0080949068069458,-0.004085258537013914,0.09423193989319525,0.0,0.19130859375,10.555551519989967,0.017031949013471603
266240,0.12634328366738323,0.7982227206230164,-0.008686631990748594,0.11400406704343319,0.0,0.223828125,10.565478286147117,0.018221415579319
268288,0.12822012852690534,0.8894692659378052,-0.003778293226137208,0.09067155398265386,0.0,0.20546875,10.609362721443176,0.016235515475273132
270336,0.15517078668405304,0.8638092875480652,-0.0034948028455783486,0.11326824281822985,0.0,0.190185546875,10.646499755978585,0.018143102526664734
272384,0.14499471318605117,0.9950127601623535,-0.018833546584289707,0.10253042916345759,0.0,0.203076171875,10.665750986337661,0.015472525730729103
274432,0.1675079283835288,0.8560912609100342,-0.012934031650745581,0.10341013901040609,0.0,0.201953125,10.671974122524261,0.0177641399204731
276480,0.18039772630883988,0.849724292755127,-0.006297867423437964,0.11644049581939118,0.0,0.1982421875,10.652766194939613,0.017843443900346756
278528,0.15351102560249785,0.7668941020965576,-0.007277143056929614,0.11768911703143325,0.0,0.2291015625,10.654485395550727,0.01998813822865486
280576,0.18155876960876327,0.8966771960258484,0.0038461155840927574,0.09292710845313111,0.0,0.201708984375,10.662434828281402,0.01871945708990097
282624,0.11968309739924221,0.7823874950408936,0.00045006723607610155,0.07289309657093507,0.0,0.198388671875,10.648100462555885,0.017722032964229584
284672,0.16431568718176948,0.751010000705719,-0.0011885854590083511,0.10305344922522065,0.0,0.182275390625,10.639406242966652,0.015209764242172241
286720,0.15383774555287744,0.8546375036239624,0.009658662234684812,0.08095431038394818,0.0,0.216064453125,10.651158058643341,0.019215427339076996
288768,0.19749745718567757,0.926727831363678,-0.0077265251520235445,0.1034329065447705,0.0,0.190625,10.677956980466842,0.016197089105844498
290816,0.15804410993774098,1.010210633277893,-0.000589822696503095,0.06803635807254771,0.0,0.18369140625,10.718200105428696,0.01691511645913124
292864,0.1440214415257568,0.6719709038734436,0.001127614911240471,0.09842835580721267,0.0,0.20224609375,10.734709057211877,0.018104471266269684
294912,0.12864861674978023,0.8146542906761169,0.00269282187366926,0.07585541540161747,0.0,0.1814453125,10.740961956977845,0.016641918569803238
296960,0.1227645721866839,0.6864789724349976,-0.001858886414975558,0.09380613712845799,0.0,0.212548828125,10.771969866752624,0.016988081857562065
299008,0.1500585665818761,0.658768355846405,-0.010191168520277571,0.08430965190670166,0.0,0.18623046875,10.753267726302147,0.016116423532366753
301056,0.14140048444800968,0.6378077864646912,-0.0034952073733514055,0.07272633594540848,0.0,0.187060546875,10.712323251366616,0.01507427915930748
303104,0.1207160671891323,0.6933945417404175,0.003936521921123148,0.08499669629008427,0.0,0.195849609375,10.717634612321854,0.01750238612294197
305152,0.13592796458254597,0.7341076731681824,-0.007561738891822767,0.0891209750636347,0.0,0.196142578125,10.721853083372116,0.017064200714230537
307200,0.14582367135766106,0.7487338185310364,0.0019265524841405313,0.09375975630235209,0.0,0.1833984375,10.719943737983703,0.017297130078077316
309248,0.4010798676454357,27.86727523803711,-0.23869766938348905,1.8786482781493605,0.00146484375,0.1443359375,10.716087511181831,0.01220039464533329
311296,0.24076409035489021,0.9321069717407227,-0.011743951756108428,0.25305679876604725,0.0,0.216796875,10.717542660236358,0.018906638026237488
313344,0.49247043271236635,1.3102840185165405,-0.07249057630267686,0.24937982291136032,0.0,0.24169921875,10.739024963974952,0.020448412746191025
315392,0.47921216660566657,10.396961212158203,-0.08510362594098364,0.6459439825621445,0.00048828125,0.18916015625,10.77040192782879,0.016693290323019028
317440,0.5669882970098001,1.5691003799438477,-0.04375935985407997,0.3313146476770212,0.0,0.197021484375,10.759282383322716,0.017362600192427635
319488,0.3102888636211958,0.8856123089790344,0.04555658233141102,0.1769900019412235,0.0,0.21162109375,10.738749596476556,0.016295408830046654
321536,0.18751779550002112,0.8429515957832336,0.007100621584860134,0.1261993693052047,0.0,0.232275390625,10.743394073843955,0.020452463999390602
323584,0.314125845501966,0.9091087579727173,0.03633785746281859,0.11737258305613173,0.0,0.222900390625,10.738536113500595,0.019102061167359352
325632,0.32799709057509574,0.9541342258453369,0.003380522234278871,0.13019539432158878,0.0,0.20068359375,10.74488776922226,0.017013516277074814
327680,0.2342651544673089,0.6910144686698914,-0.0002192046843905171,0.09953436138508041,0.0,0.178271484375,10.73808232843876,0.016300786286592484
329728,0.2409284389768942,0.67376708984375,0.0034905627821650853,0.1020053959450495,0.0,0.21015625,10.698976787924767,0.01777883805334568
331776,0.23555660824027846,0.7303593754768372,0.022164041832006376,0.1365972863874973,0.0,0.197705078125,10.697892573475837,0.017369505017995834
333824,0.2256832436056868,0.7113046050071716,0.0002757578738616928,0.11285835762017601,0.0,0.20107421875,10.74990454018116,0.01770327053964138
335872,0.2664797361932614,0.710006594657898,-0.03033431724390978,0.0993726706635441,0.0,0.208837890625,10.754551491141319,0.017550615593791008
337920,0.1763209816237925,0.5867356657981873,0.016241009683476193,0.085830661993818,0.0,0.20517578125,10.719878530502319,0.01857522688806057
339968,0.1612209962015818,0.5307244062423706,0.01927979389166623,0.10669072644137008,0.0,0.194921875,10.697670429944992,0.01753717102110386
342016,0.15772203133979534,0.6919569373130798,0.020148527143765804,0.08467160656652926,0.0,0.20546875,10.676799482107162,0.017711034044623375
344064,0.10604079068861338,0.5716533660888672,-0.004327592860251528,0.07294689592585232,0.0,0.17587890625,10.685778778791427,0.017494888976216316
346112,0.13797554296116887,0.5964234471321106,-0.002770302951097925,0.08276170605272078,0.0,0.183984375,10.704079779982568,0.01682330295443535
348160,0.14626687658559012,0.46607354283332825,0.0022750250457885812,0.07656328250558421,0.0,0.2025390625,10.704332160949708,0.018952803686261177
350208,0.15297575815449704,0.6554487943649292,0.007526856266268034,0.09076453659851579,0.0,0.2017578125,10.725024288892746,0.017335304990410805
352256,0.11818448106311763,0.5162243843078613,-0.0011862276343729827,0.07158901735825508,0.0,0.2224609375,10.746149685978889,0.018724540248513222
354304,0.10234996118071571,0.5560091733932495,0.0019651044695558895,0.0794865859092863,0.0,0.202880859375,10.730691477656364,0.018152639269828796
356352,0.14768828494566932,0.5565282106399536,-0.0037253895111372115,0.07484512885401509,0.0,0.1953125,10.72274145781994,0.01873043179512024
358400,0.1313290710532442,0.48420223593711853,0.0008876303785676498,0.0763275754158288,0.0,0.227880859375,10.72434740960598,0.01891675963997841
360448,0.11977112971035986,0.6128893494606018,-0.002989673002158799,0.06268436349660897,0.0,0.224853515625,10.722783687710763,0.018256522715091705
362496,0.11179989411894553,0.48654788732528687,0.0005639233428276214,0.08030409224674569,0.0,0.2369140625,10.72253375351429,0.019830679520964622
364544,0.12909675040395996,0.520114541053772,-0.008245928954863757,0.07241909272056188,0.0,0.203759765625,10.70369790494442,0.017706729471683502
366592,0.12741471847152752,0.4984612762928009,0.010905643366580176,0.06931012616237157,0.0,0.22255859375,10.69703221321106,0.019886840134859085
368640,0.14365144773152227,0.6857919096946716,0.004838529943114622,0.05571400714573227,0.0,0.219775390625,10.698069122433662,0.01927327550947666
370688,0.13714146811188155,0.5799113512039185,0.0006234813165648667,0.07009938831621078,0.0,0.206689453125,10.70229947566986,0.018254436552524567
372736,0.11564324088748368,0.4795644283294678,-0.002441098733585001,0.0788334018627424,0.0,0.214990234375,10.720232537388801,0.01941768079996109
374784,0.15131098085009498,0.48010456562042236,0.013267845758352603,0.06353190250587847,0.0,0.2158203125,10.736689093708993,0.0187667403370142
376832,0.14915405702000584,0.5094435811042786,0.00012408089022208912,0.07840784867810156,0.0,0.219921875,10.749028772115707,0.018793104216456413
378880,0.10237684228863841,0.5397681593894958,-0.006383621448300403,0.06577686424486709,0.0,0.205810546875,10.7689879655838,0.019536247476935387
380928,0.10836740709067527,0.4564695954322815,0.0017084155977098447,0.06511562376764156,0.0,0.21240234375,10.769696962833404,0.019709188491106033
382976,0.07936813046990032,0.5029300451278687,-0.002510627007906052,0.0677913076849497,0.0,0.22314453125,10.771481052041054,0.01870616339147091
385024,0.14645181868160506,0.5716158151626587,-0.023634401218283863,0.09667390404668372,0.0,0.2138671875,10.753799211978912,0.018407000228762627
387072,0.09973652702020708,0.42340102791786194,-0.0028727427537822425,0.06338150336665922,0.0,0.210791015625,10.744381174445152,0.01972404681146145
389120,0.14442949105548575,0.4330598711967468,0.0007792604684873083,0.049873135267900236,0.0,0.203125,10.754083961248398,0.017637889832258224
391168,0.1082524860177081,0.4019848108291626,0.010641703005362046,0.04820851440395018,0.0,0.201611328125,10.78898931145668,0.017570771276950836
393216,0.1060101724971787,0.3909018039703369,0.001753896859501225,0.06745491739874775,0.0,0.222119140625,10.810256320238114,0.02067258208990097
395264,0.1490274707335857,0.4414769113063812,0.006145343780616042,0.06798668813929092,0.0,0.219580078125,10.812228572368621,0.019033465534448624
397312,0.08237331297994643,0.3999585807323456,-0.0041530128315576675,0.03759850514106027,0.0,0.197705078125,10.821012595295906,0.01719392091035843
399360,0.10103055481958734,0.4690578579902649,-0.007312201925077311,0.05312445778968159,0.0,0.20556640625,10.828618875145912,0.019506625831127167
401408,0.12687968020954798,0.5040274858474731,0.002880109063188474,0.051218560037843974,0.0,0.196533203125,10.860263216495515,0.018012654036283493
403456,0.11269424315129228,0.4381999671459198,-0.010013883422824499,0.04645614181377076,0.0,0.219775390625,10.885015660524369,0.020267914980649948
405504,0.12507974847672898,0.4070560932159424,0.004013055482264605,0.06030198536618137,0.0,0.208935546875,10.882127505540847,0.01890609972178936
407552,0.09180998116022465,0.3586304783821106,-0.0012565034293920974,0.04878395285812326,0.0,0.2056640625,10.886409723758698,0.019344650208950043
409600,0.08051268278404233,0.36678817868232727,-0.01502925778398212,0.07356725047094725,0.0,0.20908203125,10.885930371284484,0.01893843710422516
411648,0.11575979691247795,0.3637272119522095,-0.005481814077133551,0.041754317672283846,0.0,0.211865234375,10.900268864631652,0.01870684325695038
413696,0.08644394657238053,0.33045119047164917,-0.01540724713582442,0.06867481115458361,0.0,0.206005859375,10.922965630888939,0.01845696195960045
415744,0.09341235056619901,0.355470210313797,-0.0037958069735014033,0.04862850006617607,0.0,0.211962890625,10.923489946126939,0.018893156200647354
417792,0.10900331662727147,0.41023877263069153,0.004789449575316462,0.04509059544705009,0.0,0.219970703125,10.92395199239254,0.01957130618393421
419840,0.12495470470732428,0.47062554955482483,-0.005392285092730098,0.06372778141062584,0.0,0.200244140625,10.913014325499535,0.017322424799203873
421888,0.1791031521656834,19.2065372467041,-0.08503780267373928,1.105564420570914,0.0009765625,0.186962890625,10.918909874558448,0.01576901786029339
423936,0.303953606151083,1.29888117313385,0.053171982180650446,0.3242394012485029,0.0,0.21337890625,10.925663530826569,0.01916404813528061
425984,0.09417601619413851,0.45397210121154785,-0.004714623054212552,0.1060005176251682,0.0,0.243505859375,10.90002790093422,0.02236861363053322
428032,0.1694944005598913,3.509000301361084,0.06034843555208269,0.4032602385634372,0.0,0.214013671875,10.898085409402848,0.019782094284892082
430080,0.1309756456071396,0.6447868347167969,-0.004013244878024569,0.12198228701104187,0.0,0.248193359375,10.952284580469131,0.024373458698391914
432128,0.15163312523687544,0.5039111971855164,0.011425628793968912,0.07682842563815519,0.0,0.22060546875,10.949281415343284,0.019579995423555374
434176,0.1426875579741136,1.023938536643982,-0.0024674210878767866,0.2659925869879502,0.0,0.184619140625,10.960255524516105,0.01739770919084549
436224,0.12495670464809194,0.5079782605171204,-0.000578468334632376,0.0927330892663829,0.0,0.2251953125,10.98637933433056,0.019126901403069496
438272,0.13967192625417368,0.5132290124893188,0.007432151035844825,0.1238922795710881,0.0,0.233935546875,10.989993587136269,0.02109498530626297
440320,0.14395487127452,0.5516638159751892,0.01276014174770701,0.09913148024570073,0.0,0.25556640625,10.999800950288773,0.021430566906929016
442368,0.09624386459221768,0.453452467918396,-0.004340777316931277,0.07239172867405004,0.0,0.221826171875,11.009980049729347,0.019179996103048325
444416,0.11442396082772177,0.44632643461227417,0.006450624751909828,0.07925090661602792,0.0,0.2005859375,11.036510989069939,0.019136428833007812
446464,0.22193111197469761,0.594754695892334,0.0016150600254078995,0.08562305864678584,0.0,0.200732421875,11.034191563725471,0.017901333048939705
448512,0.1318189700709702,0.5333255529403687,-0.014884600570074513,0.05717412035531598,0.0,0.24921875,11.011771988868713,0.022864297032356262
450560,0.07799495382577248,0.4695475399494171,-0.010909537169587313,0.05339878988407711,0.0,0.207470703125,10.998308724164962,0.018625380471348763
452608,0.13275191849869117,0.46968209743499756,-0.02349403885357515,0.08224645054458957,0.0,0.2361328125,10.996854820847512,0.021302055567502975
454656,0.10105893994636261,0.400775671005249,0.00031507201715985644,0.06484533310830072,0.0,0.219970703125,10.992568832635879,0.017233120277523994
456704,0.16216817356481528,0.5204454064369202,-0.01434415045428139,0.07806780614670282,0.0,0.21787109375,10.99284136891365,0.020498981699347496
458752,0.0899586598826545,0.364680677652359,0.0019113823518107642,0.05512076132654621,0.0,0.21982421875,11.009513559937478,0.02016415446996689
460800,0.2886173621870256,19.417057037353516,-0.15615312408465498,1.2808806597709774,0.0009765625,0.163623046875,11.049785321950912,0.013936527073383331
462848,0.13412928481319852,0.48881715536117554,-0.004818630532490431,0.14182956765495325,0.0,0.227197265625,11.100853660702706,0.022380180656909943
464896,0.3217440742941733,1.5834518671035767,0.02017416439390729,0.287289352396608,0.0,0.20634765625,11.100183954834938,0.019566722214221954
466944,0.229022953098589,0.686427116394043,-0.004123206256013812,0.10367332103656056,0.0,0.221142578125,11.110046952962875,0.019570887088775635
468992,0.09845607014267443,0.3932400345802307,-0.010897427926936487,0.05323672139255689,0.0,0.20283203125,11.122227829694747,0.019408874213695526
471040,0.20085769499196715,0.5169755816459656,-0.017451641446044164,0.0477751047950602,0.0,0.2234375,11.13057513833046,0.019534949213266373
473088,0.12918033217264124,0.5034235715866089,-0.008599139416376467,0.06353635927932803,0.0,0.229248046875,11.153925311565398,0.021230153739452362
475136,0.44509564829937887,33.69353103637695,-0.3367107228858397,2.377062223863296,0.001953125,0.153564453125,11.184465339779853,0.013689667917788029
477184,0.6635514811547694,3.7352771759033203,-0.025527214801542186,0.5192985987319869,0.0,0.21884765625,11.217872858047485,0.019875749945640564
479232,0.43860881984475597,1.0519036054611206,-0.052284407626743246,0.2345551866500948,0.0,0.252197265625,11.224531090259552,0.021115055307745934
481280,0.3418389136071056,0.8267955183982849,-0.03418773201256364,0.20507957217329756,0.0,0.249462890625,11.227587231993676,0.02213286980986595
483328,0.15225141123083574,0.6340422630310059,0.01337516937364569,0.10782914102669904,0.0,0.24599609375,11.242785274982452,0.021213501691818237
485376,0.3153200881461675,18.960548400878906,-0.1933974712346365,1.2800775589568723,0.0009765625,0.194873046875,11.289989814162254,0.01617352105677128
487424,0.20020195991673617,1.200587272644043,-0.02170707813761652,0.2946865134908545,0.0,0.20048828125,11.302177995443344,0.019048970192670822
489472,0.1317712582414039,0.6736186742782593,-0.005896359394050421,0.11592763681037552,0.0,0.215966796875,11.317849567532539,0.019112858921289444
491520,0.10312313049381316,0.3866519033908844,-0.0012689794286155909,0.10472134849932117,0.0,0.200927734375,11.344926571846008,0.01833018660545349
493568,0.1901465809363696,0.583230197429657,-0.01315340584417335,0.1431421393627272,0.0,0.244921875,11.339111223816872,0.02123085781931877
495616,0.1376812578223504,0.4056636691093445,-0.01385846000169444,0.09289720603707659,0.0,0.210595703125,11.332670289278031,0.01886298693716526
497664,0.11365787838761676,0.5518805980682373,-0.0011874326183356487,0.10150369031929962,0.0,0.2015625,11.33788660466671,0.017806893214583397
499712,0.14291436111557942,0.47262558341026306,-0.014272772273583145,0.09663900876722661,0.0,0.236767578125,11.32976171374321,0.02004198171198368
501760,2.0242476594433434,81.72106170654297,-1.8743501944879917,9.654463101961346,0.01123046875,0.086474609375,11.343815726041793,0.0074632312171161175
