policy,seed,eta,steps,slope_vs_v0,r2_vs_v0,ratio_mean_abs,slope_vs_mc,predicted
c_e1_s4,0,0.0,50000,1.0,1.0,1.0,0.9614541875394341,1.0
c_e1_s4,0,0.0,100000,1.0,1.0,1.0,0.9693491501712355,1.0
c_e1_s4,0,0.0,200000,1.0,0.9999999999999996,1.0,0.9644652296113178,1.0
c_e1_s4,0,0.0,300000,1.0,1.0,1.0,0.9915442874010592,1.0
c_e1_s4,0,0.5,50000,0.6669899821281433,0.9067811021149117,0.6668076515197754,0.6416668803600268,0.6666666666666666
c_e1_s4,0,0.5,100000,0.6650999188423157,0.942424745288208,0.6654704213142395,0.6446849795630771,0.6666666666666666
c_e1_s4,0,0.5,200000,0.6638988256454468,0.9341346051200943,0.6635145545005798,0.6394655729430408,0.6666666666666666
c_e1_s4,0,0.5,300000,0.659659206867218,0.8528376670086409,0.6601002812385559,0.6545762566559956,0.6666666666666666
c_e1_s4,0,1.0,50000,0.5030607581138611,0.9148384889485863,0.5024783611297607,0.48409992981962957,0.5
c_e1_s4,0,1.0,100000,0.49524176120758057,0.8142004109194293,0.49614572525024414,0.4803067431099115,0.5
c_e1_s4,0,1.0,200000,0.5019058585166931,0.8181676489516703,0.5017688274383545,0.4827269085313702,0.5
c_e1_s4,0,1.0,300000,0.48497867584228516,0.7628133880012945,0.48416826128959656,0.4809638561995415,0.5
c_e1_s4,0,2.0,50000,0.3606789708137512,0.3671062121300765,0.3620039224624634,0.3475438214739964,0.3333333333333333
c_e1_s4,0,2.0,100000,0.3195870816707611,0.464348955229633,0.320321261882782,0.3107733780252928,0.3333333333333333
c_e1_s4,0,2.0,200000,0.3492879867553711,0.7153610927718209,0.3480842113494873,0.33426695895455727,0.3333333333333333
c_e1_s4,0,2.0,300000,0.3142799735069275,0.6445013540608959,0.31294071674346924,0.3112898635285645,0.3333333333333333
c_e1_s4,1,0.0,50000,1.0,1.0,1.0,0.952767673154032,1.0
c_e1_s4,1,0.0,100000,1.0,0.9999999999999998,1.0,0.9963365232971942,1.0
c_e1_s4,1,0.0,200000,1.0,1.0,1.0,0.9967811289657962,1.0
c_e1_s4,1,0.0,300000,1.0,1.0,1.0,1.00445846876528,1.0
c_e1_s4,1,0.5,50000,0.670345664024353,0.9407370033437261,0.6704121828079224,0.6390262079661545,0.6666666666666666
c_e1_s4,1,0.5,100000,0.676973283290863,0.8994637382223178,0.6766076683998108,0.6738458182437778,0.6666666666666666
c_e1_s4,1,0.5,200000,0.6635094881057739,0.9045897090257565,0.6636303067207336,0.6606647266702708,0.6666666666666666
c_e1_s4,1,0.5,300000,0.6761869788169861,0.8315299874385375,0.6765965819358826,0.6774469917750205,0.6666666666666666
c_e1_s4,1,1.0,50000,0.4983929693698883,0.885884654796133,0.4985309839248657,0.4750162859889723,0.5
c_e1_s4,1,1.0,100000,0.505709707736969,0.7281283308358603,0.5065048336982727,0.5037915416111336,0.5
c_e1_s4,1,1.0,200000,0.4914415776729584,0.8726280676341626,0.4911981225013733,0.4892188343361963,0.5
c_e1_s4,1,1.0,300000,0.500391960144043,0.904463576227578,0.5008571147918701,0.5020687366592981,0.5
c_e1_s4,1,2.0,50000,0.31981220841407776,0.7395561678641526,0.31889262795448303,0.30490659778163154,0.3333333333333333
c_e1_s4,1,2.0,100000,0.31648507714271545,0.03125231342144805,0.3186308443546295,0.3153959048954561,0.3333333333333333
c_e1_s4,1,2.0,200000,0.31738337874412537,0.8675329893357566,0.3164958655834198,0.31609475796783143,0.3333333333333333
c_e1_s4,1,2.0,300000,0.3246694505214691,0.6627391123605149,0.32500696182250977,0.32615441893182023,0.3333333333333333
c_e1_s4,2,0.0,50000,1.0,1.0,1.0,0.9636245548638094,1.0
c_e1_s4,2,0.0,100000,1.0,0.9999999999999996,1.0,0.9917590010187529,1.0
c_e1_s4,2,0.0,200000,1.0,0.9999999999999996,1.0,0.956368229969941,1.0
c_e1_s4,2,0.0,300000,1.0,1.0,1.0,0.9766220717453478,1.0
c_e1_s4,2,0.5,50000,0.663124144077301,0.9464640211373119,0.6628291606903076,0.638936307770356,0.6666666666666666
c_e1_s4,2,0.5,100000,0.667426347732544,0.9622767073857035,0.667540431022644,0.6617875466926604,0.6666666666666666
c_e1_s4,2,0.5,200000,0.6574357748031616,0.9294903161376998,0.656931459903717,0.6295400307672981,0.6666666666666666
c_e1_s4,2,0.5,300000,0.6651171445846558,0.8804493159356144,0.6655272245407104,0.64915199531023,0.6666666666666666
c_e1_s4,2,1.0,50000,0.49691882729530334,0.9212077637544631,0.49679091572761536,0.4786868235509933,0.5
c_e1_s4,2,1.0,100000,0.5030379891395569,0.9405813885904581,0.5028469562530518,0.49848072085317674,0.5
c_e1_s4,2,1.0,200000,0.4825334846973419,0.8675113284511325,0.4810694456100464,0.46231758851825955,0.5
c_e1_s4,2,1.0,300000,0.4906366467475891,0.8556552172588858,0.4907001852989197,0.4786386007616628,0.5
c_e1_s4,2,2.0,50000,0.3256469964981079,0.8192200246787575,0.32566070556640625,0.3136923449068116,0.3333333333333333
c_e1_s4,2,2.0,100000,0.3555770218372345,0.6406409952778908,0.35616159439086914,0.3528221126546703,0.3333333333333333
c_e1_s4,2,2.0,200000,0.3097619116306305,0.6091232657658413,0.30943751335144043,0.2964833400258548,0.3333333333333333
c_e1_s4,2,2.0,300000,0.33592912554740906,0.7111726097670978,0.33667537569999695,0.328405546340782,0.3333333333333333
sparse_s3,0,0.0,50000,1.0,0.9999999999999996,1.0,0.9933659320121577,1.0
sparse_s3,0,0.0,100000,1.0,1.0,1.0,1.0088758226586574,1.0
sparse_s3,0,0.0,200000,1.0,1.0,1.0,1.0511775091475264,1.0
sparse_s3,0,0.0,300000,1.0,0.9999999999999996,1.0,1.0730017117713317,1.0
sparse_s3,0,0.5,50000,0.6693187355995178,0.948793246109931,0.6680131554603577,0.6649274367560185,0.6666666666666666
sparse_s3,0,0.5,100000,0.6613477468490601,0.9452334343616688,0.6611372232437134,0.6671562015473561,0.6666666666666666
sparse_s3,0,0.5,200000,0.6789969205856323,0.8945009185726895,0.6788085103034973,0.7134131682790078,0.6666666666666666
sparse_s3,0,0.5,300000,0.6629083752632141,0.907053293522039,0.663587212562561,0.7122744862442361,0.6666666666666666
sparse_s3,0,1.0,50000,0.5038973689079285,0.8968352224916278,0.5022801756858826,0.5005861931335968,0.5
sparse_s3,0,1.0,100000,0.49913492798805237,0.8321092805500451,0.49893423914909363,0.5038102073378526,0.5
sparse_s3,0,1.0,200000,0.5125839114189148,0.8696593468398496,0.5131903886795044,0.5384498583541779,0.5
sparse_s3,0,1.0,300000,0.49255824089050293,0.8910814551902625,0.4923836886882782,0.5290345075367878,0.5
sparse_s3,0,2.0,50000,0.31784674525260925,0.6974502476260499,0.31544017791748047,0.3156749155484813,0.3333333333333333
sparse_s3,0,2.0,100000,0.3501195013523102,0.3069234254642631,0.35251063108444214,0.3546187066203538,0.3333333333333333
sparse_s3,0,2.0,200000,0.3444129526615143,0.5204550904878048,0.34634363651275635,0.36209632791903873,0.3333333333333333
sparse_s3,0,2.0,300000,0.3151611387729645,0.8177515321735156,0.3144172728061676,0.3383671367549511,0.3333333333333333
sparse_s3,1,0.0,50000,1.0,1.0,1.0,1.0003979822883158,1.0
sparse_s3,1,0.0,100000,1.0,1.0,1.0,1.0447248746432205,1.0
sparse_s3,1,0.0,200000,1.0,1.0,1.0,1.0211291910217268,1.0
sparse_s3,1,0.0,300000,1.0,1.0,1.0,1.0173420370656532,1.0
sparse_s3,1,0.5,50000,0.6667757034301758,0.9679282764128555,0.6649930477142334,0.6670187219686887,0.6666666666666666
sparse_s3,1,0.5,100000,0.667508065700531,0.9707355941089043,0.6662173867225647,0.6965691388395404,0.6666666666666666
sparse_s3,1,0.5,200000,0.6593916416168213,0.9266196012117468,0.6589850187301636,0.672918751230175,0.6666666666666666
sparse_s3,1,0.5,300000,0.6586820483207703,0.8206369376462372,0.6584716439247131,0.6696924610583214,0.6666666666666666
sparse_s3,1,1.0,50000,0.4984048902988434,0.9404633873667816,0.49696412682533264,0.4984156955621851,0.5
sparse_s3,1,1.0,100000,0.4992596507072449,0.9322519759322986,0.49661585688591003,0.5205418087696043,0.5
sparse_s3,1,1.0,200000,0.4889257550239563,0.836849437415183,0.4886872172355652,0.5001658076703838,0.5
sparse_s3,1,1.0,300000,0.48983877897262573,0.6400025471803671,0.49072951078414917,0.498205037363907,0.5
sparse_s3,1,2.0,50000,0.3323332667350769,0.7276512185657067,0.33144238591194153,0.33233928515808536,0.3333333333333333
sparse_s3,1,2.0,100000,0.33060240745544434,0.5057209743305974,0.3301800787448883,0.34481077609119154,0.3333333333333333
sparse_s3,1,2.0,200000,0.32479435205459595,0.05323877393147544,0.32852640748023987,0.3326460880450183,0.3333333333333333
sparse_s3,1,2.0,300000,0.31329092383384705,0.5845679325069897,0.31209930777549744,0.31771434929168874,0.3333333333333333
