timestep,relabeled_fraction,clip_fraction_original,clip_fraction_relabeled,clip_fraction,entropy,approx_kl,value_target_mean_abs,adv_mean_prenorm,adv_std_prenorm,nonzero_raw_reward_frac
2048,0.3041114509004417,0.05390088433480781,0.12765725548986506,0.09077906991233645,9.943622336180313,0.006075667217373848,1.9082772731684914,1.6643788664205843,9.351759018492553,0.0
4096,0.2215887495248955,0.07529418186861135,0.13919339978269168,0.10724379082565151,9.949633160091581,0.006717657670378685,3.643142127547228,1.7585174854021137,9.457188497274535,0.0
6144,0.42889012827663137,0.08725755195243438,0.12595049921147736,0.1066210709331713,9.93443601675201,0.007602773606777191,6.312645253649129,0.9674979035913851,8.907408808077403,0.0
8192,0.3771289537712895,0.09871046199606588,0.13064831455166523,0.11467938827386556,9.912311438413766,0.007878637872636318,5.54035423704099,1.1824468340639753,9.23766916484828,0.0
10240,0.21562619685944082,0.06913365957940497,0.10632018091656813,0.08772692024798655,9.91990211998544,0.006064543034881353,6.570689800628278,1.370626484010565,9.589668336818582,0.0
12288,0.38810875410815654,0.10634963157112307,0.16625492785407125,0.13630227971259715,9.914358495316415,0.009030379354953766,9.293229693961877,0.20361114862619867,8.557738951647831,0.0
14336,0.34337928823340813,0.11703965335476155,0.15497005922453744,0.1360048562896495,9.896913904073287,0.008998295292258263,11.542266996393069,0.4266176102749256,8.425099733585903,0.0
16384,0.36614051377282575,0.09246053371724544,0.12873318311484422,0.11059685841604483,9.889855674668855,0.007651729974895716,10.330088408316556,0.540907694987997,8.382256467137626,0.0
18432,0.31043771043771046,0.11426184054543363,0.1763702420874479,0.14531604131644077,9.872963199209659,0.009392805397510529,9.198076469649621,1.2108875807165294,8.590727887655362,0.0
20480,0.3256503128086928,0.12013317693878586,0.22606178283070524,0.17309747988474555,9.886755098899206,0.010953035205602646,7.919629615049436,0.5979399177746139,8.3439210800122,0.0
22528,0.3859070464767616,0.09136756424141942,0.20740700336348897,0.1493872838024542,9.895904103764948,0.009578041732311249,14.254952866550386,0.13261353628796585,8.675341383688638,0.0
24576,0.3940828402366864,0.15432437982691347,0.2176339312263255,0.18597915552661948,9.906407644163888,0.012089003808796406,13.991863682445654,-0.8401588343977496,7.757335800510028,0.0
26624,0.231807951987997,0.07582122707473381,0.17013135685452394,0.12297629196462886,9.912491167159308,0.007157222367823124,8.87122505822748,1.7341002156154237,10.175621273654722,0.00048828125
28672,0.3727411944869832,0.13259467780518003,0.20224428998912752,0.16728424193174804,9.899325741254366,0.011286820285022259,13.047056092018739,-0.6014424469112726,7.747226713098101,0.0
30720,0.10057092665788318,0.14260688527073298,0.2903580912142411,0.21637974053320783,9.866649368074205,0.01111617311835289,8.38899241285103,1.494029995162144,7.892185781529217,0.0
32768,0.10214818062253397,0.13246154990047215,0.24749169467637935,0.18997662228842577,9.875385994381375,0.009684165008366108,9.453019362392178,0.2218149556959181,7.157588115205666,0.0
34816,0.3822021116138763,0.10737469040860351,0.1554135248136635,0.13139410761113351,9.884375361295847,0.008757232688367367,14.829144265681757,-0.841980693710236,7.768448022216126,0.0
36864,0.31205911991938196,0.11836412509388113,0.250248379601126,0.18430625234750356,9.885981504967873,0.011240603402256966,15.045807825103795,-0.41745011760833584,7.1410205022777875,0.0
38912,0.212913143735588,0.10583305002712622,0.17552960001659101,0.14068132502185862,9.89800169409775,0.00851304829120636,13.389757815719086,1.113055202076841,7.670666969664842,0.0
40960,0.3361426256077796,0.11981651365985067,0.19104215664675042,0.15542933515330054,9.909387267365748,0.009883233346045017,12.182090972529553,-0.20512669908054065,8.123195657984759,0.0
43008,0.44211386543176245,0.1519443901030925,0.37641138087572723,0.26417788548940985,9.957342654261096,0.018356988206505775,14.860874952559838,-1.1136394293411038,6.469205420801107,0.0
45056,0.3483932548520522,0.11250122571736575,0.24657521905276722,0.17947111828429801,9.982984437942505,0.011744308285415173,12.429853621768276,-0.09939180616907983,7.73754969925442,0.0
47104,0.4370533260032985,0.13486346772038624,0.2756709992820234,0.2052672335012048,10.020115738584284,0.014791793189942837,13.599174805161784,-0.026256247210186816,8.332988418995855,0.0
49152,0.43767160900604063,0.2007424270734191,0.23483158034648288,0.217787003709951,10.02816261324966,0.014771769754588604,20.35910083429655,-2.264822659812646,7.216063652041664,0.0
51200,0.26515966989594547,0.15473966089246624,0.3465842447243631,0.2506619528084147,10.019262953238053,0.01667066663503647,12.557396663216148,-0.32986346345899825,6.732549446347546,0.0
53248,0.16646316646316647,0.13608754261468464,0.26450689317515264,0.20029721789491864,10.041512352380996,0.01120784506201744,9.265113878057992,0.9228588731117998,7.598704275658367,0.0
55296,0.30599796679091834,0.149007722790888,0.2809060790391365,0.21488666749847962,10.067943964613244,0.013103796169161797,10.589330216469884,0.39719855285324124,7.4942130980120725,0.0
57344,0.2478883584282042,0.14363330398188082,0.37826263037358604,0.26094796717773344,10.113274219424225,0.014551234431564808,13.66882686187901,-0.6305481500407795,6.739679947837019,0.0
59392,0.3393548387096774,0.17010219853599462,0.3266603514248011,0.24838127498039786,10.148941193794718,0.016159038990736008,16.245247332621933,-1.0749516433486315,7.182919937650359,0.0
61440,0.3603997501561524,0.19250119430669868,0.4402753469336221,0.31626645441926216,10.161937532237932,0.024028856307268143,11.545927286089018,0.03268877844218389,6.346286404710468,0.0
63488,0.44513681929016524,0.10007612940951668,0.3567294435158115,0.2284027864626641,10.18660033817949,0.014980277046561241,16.803129308703845,-1.1364489118791212,7.6573305606995135,0.0
65536,0.35698587127158554,0.0958438695371151,0.3403076606243849,0.21807576508075,10.202301630020141,0.014510991983115673,12.244405540451977,-0.1346165078842579,6.916236975081517,0.0
67584,0.45676392572944297,0.11355085924457191,0.34441869046097084,0.22898477485277138,10.21420987985902,0.0168774276971817,12.57524583849269,-0.21887096038333378,7.452467047062397,0.0
69632,0.43997812414547444,0.13342866601486658,0.38905417646185075,0.2612414212383587,10.226404377509807,0.02003731019794941,21.839741197950328,-2.8953297313387094,7.761005319751588,0.0
71680,0.3965822038892163,0.14429414159787965,0.3116823110514402,0.2279103713621234,10.249339423356233,0.015272552147507668,15.350008321275336,-1.253647679225692,6.583379909660935,0.0
73728,0.4216323072578368,0.15983898466386434,0.3104928072342383,0.23516589594905132,10.272325089999608,0.01571371778845787,14.387075340638681,-0.9169131711352828,6.916946790214697,0.0
75776,0.2456721915285451,0.14455812397564566,0.2874186836442975,0.21598840380997159,10.278658414441486,0.012724197469651699,11.917671722201455,-0.2475780856982645,6.8234283071552495,0.0
77824,0.13367174280879865,0.1643881097234584,0.3737718381994479,0.26907997396145317,10.293927141138026,0.014184988103806973,8.862311397072798,0.7328752919497296,7.495542586967914,0.0
79872,0.16271463614063778,0.1514047565893867,0.37969479293395314,0.2655497747616699,10.335299963828845,0.013682983815670013,13.777385100038646,-0.5795333783878795,5.285754935212804,0.0
81920,0.36199376947040496,0.12947581920261478,0.41149701080193707,0.27048641500227594,10.356300688724891,0.018597854301333427,21.578837368650063,-2.7991399031373176,6.781329978653873,0.0
83968,0.20650910499806277,0.11640632608678282,0.3011820824771393,0.20879420428196105,10.339105438604587,0.011283071711659431,13.804123405341048,-0.5307506604149557,8.325906115590653,0.0
86016,0.36417261719962746,0.16006564245212312,0.3652371362801276,0.26265138936612537,10.347063027176203,0.01794174313545227,20.750157552759813,-2.3905581215959786,6.923050309069473,0.0
88064,0.2719516530394597,0.15715274467894977,0.5177993681112474,0.3374760563950986,10.375015729123897,0.024134423583745956,16.99129839783431,-1.4974424282139056,6.239453748261704,0.0
90112,0.43079488604780436,0.10344306321063063,0.4310765164855279,0.2672597898480793,10.3822456192552,0.019420966506004333,17.327271945283652,-1.6787133988477017,7.14108969610085,0.0
92160,0.3346328784925276,0.12479053508414298,0.46776418385604407,0.2961021941745001,10.400245740462323,0.022052261978387833,18.10733522367398,-1.8650572956322822,6.241210780083358,0.0
94208,0.27221037668798864,0.17639276743019847,0.481956408562308,0.3291745879962532,10.447020717100663,0.02027919888496399,12.760604943829241,-0.5426404603090563,6.401570167272045,0.0
96256,0.16646316646316647,0.19643422171760064,0.39339477897454533,0.29491450034607297,10.467910008552748,0.017281265929341316,9.395141980898453,0.3057761947282673,6.728310088487252,0.0
98304,0.27221037668798864,0.10881595822813159,0.339560125564987,0.2241880418965593,10.483768929134715,0.013285997323691845,12.142449431808826,-0.4924292560813797,7.08116605105811,0.0
100352,0.20311284046692607,0.17831313866758491,0.4173906959666162,0.29770596032241253,10.515200966160473,0.018848007544875145,11.548311825310877,-0.36179677977835095,5.697690134024257,0.0
102400,0.31090174966352624,0.16072290269063508,0.3673148710359918,0.2640188868633135,10.542133211582264,0.017706699669361115,8.968368512914276,-0.18580459258957926,7.321129512011128,0.0
104448,0.3191489361702128,0.13805299108808344,0.4029006700090905,0.270476830548587,10.568657325176483,0.01796521060168743,13.448705152656302,-1.1343480624024023,6.58382413441602,0.0
106496,0.1307300509337861,0.17275639005206728,0.4027494037272157,0.28775289688964145,10.586244034122776,0.014648077078163624,9.180173621377252,-0.15502238214171235,4.924053677105164,0.0
108544,0.19686274509803922,0.16491794798523188,0.5915690796822309,0.3782435138337314,10.593068206310273,0.021889643743634224,14.705004223096111,-0.6933493947313631,7.11647595420831,0.0
110592,0.23553564762971257,0.13556376556378036,0.5594328208516042,0.34749829320769227,10.622425899051485,0.022349394857883453,15.248704833730809,-0.6625268353105239,7.048527363321935,0.0
112640,0.3833182776272207,0.12030199855709305,0.5402145496999415,0.33025827412851727,10.647432569357065,0.024941688403487206,22.055228707782344,-2.8880993744556602,7.096784755283499,0.0
114688,0.2706552706552707,0.18760539656504988,0.34173673431981694,0.2646710654424334,10.653122633153743,0.017257746309041977,7.871012700108481,0.4710815082908194,6.81899423904719,0.0
116736,0.4428726877040261,0.09445904215862011,0.41398870406094296,0.25422387310978156,10.65115524160451,0.020608047023415565,15.239060725786898,-1.270100721721448,7.884303614809623,0.0
118784,0.1892319873317498,0.1668901908583939,0.518584317509085,0.3427372541837394,10.660031642913818,0.018818175420165062,12.660385258274239,-0.6793857626402867,6.0962373671095165,0.0
120832,0.286411149825784,0.15231946980787647,0.4577713258564472,0.30504539783216184,10.682349230448406,0.018438028171658516,13.729384509751217,-0.640706062885798,7.105170718136535,0.0
122880,0.3812688821752266,0.16523450452547808,0.38916432242124127,0.2771994134733597,10.710340270629295,0.019294079393148422,14.736012196548453,-1.2810520535299335,7.6161328839074605,0.0
124928,0.17717959019686622,0.18585058284971195,0.6477997277600643,0.4168251553048881,10.726522411444249,0.025428136810660362,10.591106468564687,0.2035656668535787,6.075964882741971,0.0
126976,0.37882923870185015,0.1434770878153638,0.6245613770129589,0.38401923241416136,10.775455594062805,0.03684922680258751,20.228027990451842,-2.8175992743570752,6.152666148826529,0.0
129024,0.2467819051121736,0.19112915062713762,0.5326640826844892,0.3618966166558134,10.7820712954499,0.02395589090883732,12.120397993245493,-0.4877541886891799,6.833598999753187,0.0
131072,0.2724689165186501,0.1789414680943909,0.3571281003850428,0.26803478423971683,10.806481970440258,0.01642724685370922,19.099014187906384,-1.9696358315250393,7.409672588478248,0.0
133120,0.335280753002272,0.18016715846499617,0.517157059269292,0.3486621088671441,10.822897722283189,0.026205051690340042,19.06272693157674,-2.1054647260487007,6.872337654844425,0.0
135168,0.29452290733723735,0.10448602694694115,0.6284096764886509,0.36644785171779604,10.818366598046344,0.02868466079235077,14.769695685966607,-1.3852360136878865,5.626774287289725,0.0
137216,0.35698587127158554,0.1341357503719628,0.4313610303476453,0.28274839035980404,10.840354413986207,0.017741721123456955,11.442726667807262,-0.4174110221099347,7.112792641068291,0.0
139264,0.2625135037810587,0.13702145560051907,0.5615056233988567,0.34926353949968786,10.869835363734852,0.021930262446403503,10.684759200160341,0.23355299178098432,7.7512113691934035,0.0
141312,0.1889108910891089,0.15953581023029983,0.443516454026103,0.30152613212820145,10.872942123413086,0.015538061037659645,13.387374672436133,0.2783569282052867,5.371635445637979,0.0
143360,0.26410348544735895,0.19809059786017646,0.3501736081035977,0.27413210298188706,10.873537171970714,0.017520692199468613,8.723413066213658,1.0803748715676866,9.305315848509006,0.0
145408,0.4280927115330913,0.15177588980046233,0.6325987761441086,0.3921873329722855,10.86850666829518,0.04043308645486832,26.755287566536662,-4.076243276280341,6.917359072231612,0.0
147456,0.20093640265314086,0.17636041571272582,0.36981698220559195,0.2728521994891187,10.860119563777273,0.019074780866503716,9.3046022810497,0.8521953476379556,6.5258806749851015,0.0
149504,0.21412125863392173,0.08908759248783675,0.4288674345285427,0.25897751350818976,10.880038426562054,0.012108475901186466,15.466589395892745,-1.380504408333219,6.442072359138484,0.0
151552,0.11341991341991342,0.3352411715615843,0.4954587106316627,0.4146951010186804,10.91672314566535,0.03444094955921173,7.377758382526235,0.41104260531542364,5.871039825588724,0.0
153600,0.3339837398373984,0.17582314665220222,0.5770106928300907,0.3760067075262406,10.935587301059645,0.02797701768577099,16.653708400919072,-1.1123761340161311,7.718587004999749,0.0
155648,0.38313253012048193,0.1015374049759255,0.6269388743962806,0.364238139686103,10.967120014704191,0.035019587725400925,14.502310293732302,-1.5839834837143343,7.267725733254966,0.0
157696,0.18243512974051895,0.18916988404933363,0.5904902493927496,0.3893271589950474,10.983856298923492,0.03059844672679901,6.875801384646799,0.3973109075717786,6.6393428337904945,0.0
159744,0.28291316526610644,0.11470728221452899,0.31822462088531916,0.2164659515499241,10.999775276184081,0.012655488215386868,13.52615845615545,-1.0841523678964433,6.555924596642871,0.0
161792,0.17185604528912252,0.21969014058988065,0.4473479043978911,0.3335190224938859,11.056816282027807,0.020195497199892998,4.457988794646896,0.6292982103174142,5.959233908458031,0.0
163840,0.2500915415598682,0.06272832902018415,0.46128080599876337,0.26200456750947376,11.085489399488582,0.013602210208773613,11.939572548283722,-0.37408223235519483,7.0994237568338665,0.0
165888,0.08612226684515842,0.2753053638514959,0.49038250514439174,0.38132930674236004,11.101280649503073,0.027895499020814896,6.592128369789305,0.9632219770162527,6.232857061651711,0.0
167936,0.20342279268767016,0.09983675564843707,0.4998958567657122,0.2998663062070746,11.112573321272688,0.015571814961731434,10.75753047662445,-0.004916015082823554,6.554140870294733,0.0
169984,0.2716927453769559,0.12176984787749295,0.47506368520923636,0.2984167665433647,11.125757440653715,0.016868410632014275,15.731414269258638,-1.2721586515952736,6.760864741264049,0.0
172032,0.3064679986454453,0.13619020310963723,0.6177351560364378,0.37696267957303753,11.160340660176379,0.025788472965359688,17.831340993695694,-2.215563409374039,5.674509655182966,0.0
174080,0.23639075316927666,0.08901897538009854,0.22392716445028782,0.15647306991519316,11.16908815247672,0.00911732204258442,13.083724114619105,0.048205249343681575,8.290352106991218,0.00048828125
176128,0.3877428998505232,0.14096704339081387,0.5867092373798478,0.36383814038533085,11.17499230582759,0.036253027617931366,21.062853958480392,-3.092511761494189,6.987990910553777,0.0
178176,0.1376842105263158,0.19392196844871107,0.30318576109409334,0.2481920641335036,11.181156572542692,0.017596084624528885,13.92932848787721,-0.3145828021451724,7.402614616719781,0.0
180224,0.42536475869809204,0.07952359997268234,0.6251633525626468,0.35234347626766455,11.19652259349823,0.0336318202316761,19.586047422714383,-2.193591036199935,6.931745516325469,0.0
182272,0.23553564762971257,0.12726546850587642,0.47595569235937935,0.3016105804326279,11.206455764316377,0.017994185909628868,12.962175874027274,-0.7125680916122752,5.420660247744629,0.0
184320,0.38052026618269813,0.1151793068812157,0.6276522072963416,0.37141575708877866,11.189784732231727,0.04060303419828415,12.974302004905923,-0.9167859572410438,7.231793203689747,0.0
186368,0.19370078740157481,0.14634026029147207,0.6179464794509113,0.3821433698711917,11.204245007038116,0.022861627861857414,12.035116838727006,-0.22523821521005488,6.372156457169436,0.0
188416,0.27912706793382613,0.1832715812822183,0.3398984840926197,0.261585032687419,11.236418688032362,0.017245154827833176,9.944186516086827,-0.09950012409418986,7.175905299025365,0.0
190464,0.24204293116210215,0.18234218148904485,0.3815452822159196,0.2819437318524822,11.260900827895764,0.019571907818317413,5.992706066571446,0.9220314989786262,7.446429976224674,0.0
192512,0.3851696187331132,0.11051981460253774,0.5947977701705548,0.35265879238654624,11.268633079528808,0.026688963174819946,21.697898919079925,-3.1214571095073795,7.4042112880435536,0.0
194560,0.27938071780436313,0.17967622855885163,0.6202126747618119,0.39994445166033177,11.274395921495225,0.034526411443948746,14.087577072451023,-1.196514722716075,5.8009940006728815,0.0
196608,0.21980952380952382,0.25601986438768515,0.5543203175464785,0.40445129469441005,11.272326017561413,0.034410979598760605,13.59981545706469,-0.726643719631169,5.387227388825001,0.0
198656,0.33635774465327284,0.22715957835316658,0.46722968102109674,0.34719462968713166,11.28532411224988,0.03011474944651127,18.32554499117885,-1.2553904354040286,8.896746321788953,0.00048828125
200704,0.19370078740157481,0.13079333998728543,0.6357590441033244,0.38327619204530494,11.294230425357819,0.021507924422621727,11.17281494627707,0.09764704412746505,7.310176646015537,0.0
202752,0.11762171477811288,0.08031882459952219,0.30323508857069786,0.19177695658511004,11.316696726309287,0.00913081131875515,6.798551681159865,1.229034446207665,8.786416199659255,0.00048828125
204800,0.0745594215996385,0.3192327196576766,0.5962353478903057,0.4573371818710791,11.364496239253453,0.030258091166615486,6.673118228132488,0.47676936782323476,4.6991289275512065,0.0
206848,0.3744654856444716,0.12145673483251952,0.308523617276492,0.21499017605450577,11.385811864412748,0.013729682192206383,14.649522920393256,-1.2572980582715958,9.493950179318167,0.0
208896,0.4121699196326062,0.09002960560674017,0.5619812105731531,0.3260054080899466,11.42053767637773,0.02676871046423912,24.5916746763471,-3.5556051099454105,8.915488282627308,0.0
210944,0.2617159336697909,0.10788742428730157,0.7225676992738789,0.4152275617805902,11.452152462439104,0.030190484598279,14.079406961081622,-1.2150842152439991,6.027061544758184,0.0
212992,0.2964616970113363,0.05117126629566369,0.6817042003993107,0.3664377333474872,11.478485001688417,0.023892167955636978,19.920128735448632,-1.3124238813479445,8.592940630380333,0.0009765625
215040,0.3884741713944461,0.09956005984600985,0.5374997395389485,0.3185298996924792,11.499601194993504,0.02514451928436756,19.50289459744816,-2.111591010820046,7.437079481998979,0.0
217088,0.406720741599073,0.10714793753706747,0.6445175964523244,0.375832766994696,11.525916800675569,0.03530373051762581,15.044012018916133,-0.7462706628793428,7.449797249316738,0.00048828125
219136,0.17915831663326653,0.17876982409984638,0.549773984708083,0.3642719044039647,11.555970152830467,0.02067006379365921,14.311843121391655,-0.7530802013612096,7.64784350553059,0.0
221184,0.1794871794871795,0.10533266387020167,0.5395742594049527,0.3224534616375772,11.587097869775235,0.015707088634371758,13.816167797876629,-0.25150736788169015,7.454033536599188,0.00048828125
223232,0.1715210355987055,0.19022817699095376,0.5158759605235014,0.3530520687572276,11.604751931704008,0.02216285467147827,10.208874740862537,-0.3749883021851738,5.924318220736284,0.0
225280,0.17618664521319388,0.15226845259849842,0.5521884898917797,0.35222847124513906,11.648807567205184,0.019523294642567635,12.082773062114567,-0.6297492931814609,5.733330115963354,0.0
227328,0.2123076923076923,0.11887155261526748,0.7852454145870558,0.45205848360116163,11.684990508381913,0.031514961272478104,16.03868034031558,-1.9969181868440269,5.52799529620565,0.0
229376,0.2796341892367218,0.09974218477391535,0.7096924497352706,0.404717317254593,11.67930594974094,0.030226461589336395,18.21233031643443,-2.247230679006181,6.041075625847577,0.0
231424,0.14950166112956811,0.15586537352616064,0.46351405811545093,0.3096897158208058,11.70667229953565,0.017508935183286667,8.01384813506101,0.18394017251788528,5.163991174231503,0.0
233472,0.3553666981429021,0.08869834477826953,0.6701101745516062,0.37940425966493785,11.727273330688476,0.033793020993471146,13.991061495196737,-0.5299035034755152,7.67665628501597,0.00048828125
235520,0.09620476610767872,0.3862057202288674,0.7422433242994864,0.5634796737200961,11.789321313963995,0.052306175231933594,6.3681048991785705,0.48680179636419885,4.116445006251265,0.0
237568,0.42616979546091344,0.05213273346224534,0.5837403796746262,0.3179365565684358,11.830780964238302,0.02180372178554535,17.876395195277574,-1.5434845789171308,9.45338675270908,0.0
239616,0.21652639632746748,0.13671687948176772,0.6351659814395556,0.38594143046066165,11.840321022126734,0.027733439579606056,16.0172262723506,-1.443163553985159,7.113796807719731,0.0
241664,0.09779735682819383,0.1714839991958191,0.5978251204722458,0.3846545598340324,11.88076212141249,0.01932770386338234,9.336650474812688,-0.10276272714974695,6.936305209919229,0.00048828125
243712,0.2611832611832612,0.10237027129412375,0.6944783439013091,0.3984243075977164,11.928937597708268,0.027954626828432083,20.246964918187874,-2.7840019030081877,6.739398548968647,0.0
245760,0.2836656173487233,0.12192487789938847,0.6031641556157006,0.36254451675754457,11.95052486843533,0.03374883905053139,18.96187782975999,-1.9929095138032618,6.952658421109311,0.00048828125
247808,0.23922734026745915,0.15712379030450138,0.4558926097384081,0.3058101420321232,11.976157585410185,0.02068404294550419,15.226558406605836,-0.8334784420726348,8.372584140828371,0.00048828125
249856,0.31687791861240827,0.09998357376440409,0.7064221182877714,0.4032028460260877,12.00444074387246,0.02896362543106079,20.144207704417035,-2.828227006053147,5.9989702881276035,0.0
251904,0.1516155758077879,0.20492064494051432,0.5438954143931991,0.3744080296668567,12.013440639094302,0.02198350802063942,12.003787367265891,-0.6498425030779067,4.621467129825392,0.0
253952,0.396759941089838,0.3071971276981963,0.6343361351464953,0.4700058430329312,12.01564220852322,0.04999305680394173,16.29993597362636,-1.6354013012646311,7.353254424301334,0.0
256000,0.31664998331665,0.19439162759784054,0.42436495973391736,0.30937829366587893,12.042322625505163,0.021816803142428398,9.213224741620321,0.4831550819701864,7.474462925238288,0.0
258048,0.17386042759177087,0.13262499456699842,0.5072898112141934,0.3199574028905959,12.078720535376133,0.017231298610568047,13.656700293903867,-0.4990098093357702,7.819298308424855,0.0
260096,0.15824085491163173,0.2795103290934384,0.5359150473203959,0.4067137087852537,12.118489519755046,0.03547028452157974,16.278678810649456,-1.4418564341322697,5.9492594058836845,0.0
262144,0.18600953895071543,0.09080635572317988,0.5903208955004812,0.3405636256118305,12.15095581293106,0.016834532842040062,10.027815318284905,-0.07100713175816141,6.864642334749281,0.0
264192,0.10254163014899212,0.1519374961602605,0.567920705034501,0.35992910059738076,12.180792662832472,0.016178807243704796,16.501081218440902,-1.3261947597502248,6.192104755360013,0.0
266240,0.09660344067048963,0.215953533946433,0.41228526755959877,0.3139828696448009,12.221456797917684,0.01767927035689354,8.672184044972921,-0.4195873322299147,3.8400952715194445,0.0
268288,0.39174339174339173,0.08588105567713392,0.5491683210966722,0.31752468838690306,12.268180723010369,0.024198412895202637,18.385641061219875,-1.7926357486247135,8.136621775561427,0.0
270336,0.29379310344827586,0.09682866790048454,0.5547154931594496,0.3257720805299671,12.282681096118429,0.024172445759177208,15.868065563622974,-1.520529418538253,6.654238387928557,0.0
272384,0.29500860585197936,0.08526604761491004,0.46148550294987534,0.2733757752823927,12.29321728374647,0.015720725059509277,14.024778793614736,-0.8474205663156398,7.5444705308375735,0.0
274432,0.25527272727272726,0.11260764950149973,0.5979816196616305,0.3552946345815652,12.327480517986208,0.020585307851433754,18.357952344430153,-1.666410003644108,6.1549192589954025,0.0
276480,0.3906575423980958,0.09925690256762054,0.5182521121119553,0.30875450733978793,12.364164348818221,0.023160507902503014,19.430785636875598,-2.161367421144286,7.037739763335626,0.0
278528,0.4025670945157526,0.15760377373339401,0.5997662999770708,0.37868503685523236,12.37940541020146,0.035645242780447006,20.276209088148995,-2.561754113664597,6.4975493000172815,0.0
280576,0.21562619685944082,0.09300658359851052,0.3491377727287572,0.22107217816363384,12.375143714067413,0.011596881784498692,13.427131930161652,0.07979422541767263,9.149444838532963,0.0009765625
282624,0.41013824884792627,0.14461371863430197,0.49785933076658034,0.3212365247004411,12.372403456948021,0.03294309228658676,16.702605985236477,-1.5010629200122292,7.00822940168738,0.0
284672,0.2729854455094072,0.28930276224933116,0.5537994408435156,0.42036235242914616,12.4042293993632,0.04305964335799217,13.962264401779338,-0.780121529810314,6.764697431624802,0.0
286720,0.24288354898336414,0.16096048552196388,0.5670705947158642,0.364015540118914,12.429018453110096,0.022400666028261185,19.7586089840861,-1.859139755076172,8.603089631003279,0.00048828125
288768,0.14631096290120885,0.13537272519775126,0.6038442192305076,0.3696084722141294,12.426831862801,0.018894918262958527,12.85317991958624,-1.028715528871994,4.737912418897501,0.0
290816,0.4436294485194241,0.12706776527880595,0.5626948962020206,0.34488133074041327,12.436795606284306,0.026506217196583748,18.607797800578314,-1.6134266116443383,8.086546439844188,0.00048828125
292864,0.2874043145441893,0.12007029968417353,0.2307922156651815,0.17543125767467752,12.454971981048583,0.011182270012795925,18.671073570669755,-1.8530749099006447,7.391329920976935,0.0
294912,0.36417261719962746,0.11909647970734273,0.5269225450196102,0.32300951236347647,12.482451708176557,0.02552417293190956,18.17772816167287,-1.9244782271673313,7.278228608548087,0.0
296960,0.3525134366108125,0.13449814607948066,0.3556683324277401,0.24508323925361036,12.517078405380248,0.017073482275009155,14.079357931853188,-1.0998053822202012,7.4630125332185315,0.00048828125
299008,0.39354456618300265,0.10091228708976283,0.49137367789616,0.2961429824929614,12.53639416964549,0.02354680933058262,16.59813439923066,-1.5065184397030793,7.344482526840859,0.0
301056,0.23695976154992549,0.16423626450289572,0.47180057250495466,0.3180184185039252,12.558627691723052,0.02192884124815464,12.218280467088912,-0.6830798580192327,6.369141908311914,0.0
303104,0.4176855274381575,0.14547652147710324,0.5997339938513258,0.3726052576642145,12.589723814184016,0.03758419305086136,26.99949640918274,-4.263783618479078,8.705033448896105,0.0
305152,0.2625135037810587,0.11207724895158952,0.6850941983813589,0.3985857236664742,12.592169488560069,0.034830644726753235,15.896718790558287,-1.7192694003316038,5.740090200534439,0.0
307200,0.3193752077102027,0.34434786904408,0.5322907865047455,0.43792365847449555,12.602418472369513,0.0671072006225586,17.568296955318466,-1.2336079043794883,8.138148599800198,0.00048828125
309248,0.2544594102657444,0.08631805320985095,0.4855850374196158,0.2859515453147334,12.626909717293673,0.016256779432296753,14.412988627867987,-0.6482719629376673,7.70693135272872,0.00048828125
311296,0.23866171003717473,0.30413243735517376,0.6727766078844104,0.48737408835681073,12.63583055318788,0.056304171681404114,15.549210956751953,-1.4373143810683342,6.276669431985408,0.0
313344,0.36199376947040496,0.098009618043023,0.3892348561070713,0.24362223707504715,12.649252341775334,0.015486517921090126,15.649263523565535,-1.5776471036407924,6.81840133925891,0.0
315392,0.3808948004836759,0.07568905409425497,0.655428730811064,0.3655588924526595,12.659541687598596,0.030062740668654442,19.39812285045929,-2.275678412890288,6.894094656493482,0.0
317440,0.342957972409368,0.1263227174362662,0.5131819333501008,0.3197523253931835,12.650468551869295,0.021538296714425087,10.981146146850845,-0.2233658080733909,7.805123786265382,0.0
319488,0.2716927453769559,0.1322827632581307,0.6747935926541686,0.40353817795614966,12.664225636829029,0.034548621624708176,14.513289685137183,-1.1333076523545984,7.403190581334407,0.0
321536,0.3471469556901498,0.23418532467262465,0.6324725958533706,0.43373127063792766,12.690122856140137,0.04904612526297569,12.648876996233357,-0.8457093684189404,6.732361656324776,0.0
323584,0.26436781609195403,0.11488649642772296,0.5739961250261827,0.34444131072695283,12.691867191141302,0.02170136570930481,15.03743372018566,-1.4108674573790505,7.052081771074261,0.0
325632,0.36829117828500924,0.1422695917679983,0.4468412005799074,0.2945553961739528,12.704226271311443,0.022226842120289803,15.761455414114533,-1.5293114187147012,8.388237250857365,0.0
327680,0.18955282944202612,0.1352159492764622,0.49335795946419236,0.3142869543703273,12.720744721889496,0.01780129224061966,14.675975282885785,-1.1088862633329681,7.218859606807295,0.0
329728,0.22306525037936267,0.12465973492002204,0.4495682491699145,0.2871139920449683,12.743622816176641,0.01779523864388466,11.943322451131804,-0.7433374505492487,7.40358984171739,0.0
331776,0.12851063829787235,0.1458087514179784,0.5132787562705375,0.32954375384425794,12.761435446868072,0.015973445028066635,6.749559599503384,0.7888426896761984,7.108954471854286,0.0
333824,0.4367436743674367,0.1454634804442002,0.5698898157398952,0.3576766480920477,12.768978512078,0.03573465719819069,12.471634709660835,-0.5835878220693173,8.189035290018339,0.0
335872,0.208960988798764,0.10797804554515496,0.4547085696240751,0.281343307584615,12.782115575743884,0.014514843001961708,20.942145316637678,-1.8504459343613544,10.415416074664464,0.00048828125
337920,0.3155080213903743,0.11785914221818143,0.742644549177048,0.43025184569761477,12.813715222541322,0.05410398542881012,17.79887100657169,-1.9145430553124727,7.367046166206135,0.0
339968,0.4326869806094183,0.1324613652665887,0.5362598553169192,0.33436061029175396,12.817140681283515,0.03635676950216293,20.677073868470526,-2.202127897315335,8.839751119329302,0.00048828125
342016,0.35045987947986046,0.179085483353585,0.5333612560406327,0.3562233696971089,12.807205625534058,0.02537224255502224,19.892382272149014,-2.2194446215125865,8.139691952232775,0.0
344064,0.22658610271903323,0.1400788164786285,0.7487130378860802,0.4443959271823544,12.845307440984817,0.04672526568174362,10.237363468127024,-0.16123435471289804,6.882182702153929,0.0
346112,0.19338322174084285,0.1450244128750637,0.33674953604117036,0.24088697445811705,12.868485236167908,0.013972011394798756,11.42761373329645,-0.11263079944959162,7.753591155164254,0.00048828125
348160,0.3553666981429021,0.13828898876532913,0.4932747998535633,0.3157818943094462,12.880325319290161,0.030112706124782562,24.77108766915555,-3.7460778411058717,8.325552504555743,0.0
350208,0.2625135037810587,0.11136524154465985,0.7043959084898234,0.40788057501724156,12.884800267219543,0.042549751698970795,11.129369180518076,-0.33020838270283087,7.007817891102302,0.0
352256,0.2180221458571974,0.13266375920758014,0.2440504121707707,0.18835708568917542,12.890559336034263,0.011377873830497265,19.266945616697782,-1.6495897289330435,7.704297817457357,0.00048828125
354304,0.13732097725358045,0.41289665527445707,0.7298794223666191,0.5703384270089746,12.90704961074026,0.0862235426902771,8.325182606342903,0.34820064769559755,5.8051519909883575,0.0
356352,0.37845220030349014,0.12548067801488708,0.4185220195338703,0.2720013487743787,12.928491660264822,0.01920275203883648,21.461072243810005,-2.8958618758419585,9.023172534615057,0.0
358400,0.23353293413173654,0.13327672487302195,0.8298546846778619,0.48156570477544197,12.940640174774897,0.05742078647017479,10.588561257109944,-0.4060805264237475,5.547895349595075,0.0
360448,0.3076402974983097,0.10595823410660662,0.5827575002182671,0.3443578671624369,12.947783334204491,0.023495247587561607,19.37402144895358,-2.546742578486755,6.291422065230974,0.0
362496,0.3342002600780234,0.2161502935828603,0.626601038795171,0.42074549616054235,12.938450675107996,0.04513690620660782,16.745598805646576,-1.8661850115261638,6.524795760858201,0.0
364544,0.3003074820635463,0.16313206693562476,0.636360712300824,0.39974638961822445,12.931682984725288,0.035737842321395874,21.85994774317546,-2.993175657640814,6.564704550245277,0.0
366592,0.07747747747747748,0.2150049311082278,0.6306690577535028,0.4225396667294023,12.973066844940185,0.024175219237804413,7.315562542496428,0.24760858747912548,4.210570004167783,0.0
368640,0.11418685121107267,0.29874664633157283,0.64534021138578,0.47157378988163823,13.053593800518964,0.04145843908190727,8.20496298692975,0.5140030484422642,4.539470948004739,0.0
370688,0.23582089552238805,0.07300749297830321,0.5981856011386428,0.335596547058473,13.09062780425662,0.02116113156080246,15.5156239666826,-1.509508299203731,6.337537750421337,0.0
372736,0.25118829981718466,0.12426148808539607,0.47958778847268846,0.30192463827904226,13.102955152822096,0.01765344850718975,13.27401776047218,-0.6385399346527866,7.92356725040426,0.0
374784,0.26857142857142857,0.07742250961759552,0.49151826600798154,0.2844703878127885,13.11192591190338,0.015774916857481003,12.649007888323169,-0.8486662392532319,6.847570778446526,0.0
376832,0.25635439360929557,0.29004338486543435,0.42703303479771504,0.3581468108317682,13.11553238955411,0.029893044382333755,14.750891254469849,-0.4392266572714508,9.184283630479872,0.0009765625
378880,0.32587228439763,0.11147505950648337,0.45467764751520007,0.2830763535108417,13.119786308209102,0.01768513210117817,20.00106756733403,-2.7417965760877703,6.822136497842147,0.0
380928,0.3895678092399404,0.11065910213257907,0.6483780149581297,0.3795185585453544,13.124095342744072,0.036510586738586426,15.688205658123158,-1.510368968615293,7.288694188376956,0.0
382976,0.24091919940696813,0.17043423158831375,0.6746775243683156,0.4222623719871738,13.152789601614309,0.03885693475604057,8.329349299461427,0.23254704634272438,6.79988095915708,0.0
385024,0.36318407960199006,0.11582415392804964,0.4433327630527464,0.279578458490398,13.188781665353215,0.01989995874464512,12.35859988274556,-0.8147742855327074,7.637132970838387,0.0
387072,0.19874804381846636,0.13439890776295216,0.6639062436111272,0.39915257568703966,13.193267526626586,0.025258071720600128,9.901771985143176,-0.057296744560799334,7.154330347480083,0.00048828125
389120,0.3139028475711893,0.13097718025537883,0.46762809753417967,0.29930263889477926,13.196908741808953,0.01755867898464203,18.142229232737662,-1.7484073276582912,7.758724987083507,0.00048828125
391168,0.37484737484737485,0.136808336719584,0.523168866071277,0.32998860139543046,13.211412752591647,0.027419747784733772,22.705883327379773,-2.859259808276433,8.018420963648625,0.0
393216,0.268048606147248,0.13195403449406679,0.7063375157642771,0.41914577512917195,13.221178206530483,0.040522292256355286,12.844824986716818,-0.9678546169273219,6.171289911515047,0.0
395264,0.38609112709832133,0.11847793824338125,0.6451718171179857,0.38182487768068346,13.237390530784175,0.042052026838064194,22.594655124927,-2.969838395466894,7.366550839222401,0.00048828125
397312,0.33914165859954826,0.1724082724400321,0.4144256693824213,0.2934169709112267,13.250979174399863,0.024520033970475197,13.341111006638029,-0.8551442648855689,9.038698668714638,0.0
399360,0.3399935546245569,0.10995161619265469,0.7511735158003107,0.4305625659964827,13.24972932192744,0.042217839509248734,18.90611539361839,-2.1065367129768013,7.263753154952735,0.00048828125
401408,0.24539425202652912,0.13742293309160444,0.7635401102086139,0.4504815216501092,13.241688863621201,0.040377579629421234,15.94215413066221,-0.876507622278718,7.95917291846329,0.0009765625
403456,0.16815597075548336,0.16204906686280782,0.37568489824159024,0.26886698255219904,13.24269352692824,0.014680315740406513,26.890985194446927,-2.9740804334907307,8.264094281132326,0.00048828125
405504,0.1512639867384998,0.16272885221007624,0.4925729842170289,0.3276509182135526,13.249901927144904,0.017702700570225716,10.383886488239424,0.4176475709550964,6.720796698593905,0.00048828125
407552,0.22629391764261428,0.1652510872465514,0.7727436870159138,0.46899738713123257,13.227434444427491,0.03893560543656349,12.714574897090227,-1.0361534820554985,5.592521987744002,0.0
409600,0.0807899461400359,0.2632277793969427,0.8587887314544327,0.5601550162393589,13.273508546011788,0.07460768520832062,6.763011588937678,0.28063783379629925,5.205142712363524,0.0
411648,0.24539425202652912,0.11883622916891824,0.5500125369273646,0.3344243830481414,13.339950579266215,0.021765919402241707,17.750863005940342,-1.6900541802895217,8.738868324075629,0.0
413696,0.3782635094110504,0.13653585914020927,0.5080863388864181,0.3223110990133137,13.35267755801861,0.029063351452350616,10.348006920390244,-0.3394119060453336,8.3562973065842,0.0
415744,0.22978563369687852,0.1434694663931926,0.4455205187556289,0.29449499257441075,13.380525436855498,0.017334839329123497,15.794548609209688,-1.351864845434337,9.24397298723979,0.00048828125
417792,0.28441649196366176,0.12451653509090344,0.7060673408044709,0.41529193794768715,13.402132195366754,0.036115068942308426,17.841599762492084,-2.369505082760757,6.560029571474478,0.0
419840,0.15476681799422204,0.1066547420513081,0.7018586066404455,0.4042566743458768,13.403743204317594,0.02067108266055584,13.689056797908316,-0.5196469017335986,6.0897453556300185,0.00048828125
421888,0.2876521739130435,0.1354000567065345,0.6447658151553737,0.3900829359309541,13.384667432573107,0.03517291694879532,18.85902733385608,-2.3743662051420005,6.333872571035307,0.0
423936,0.38700987728225084,0.1410179568419479,0.7361882099706047,0.4386030834062763,13.380674752649272,0.04070744663476944,27.736873327900568,-3.9674084254023523,8.38588319399812,0.0
425984,0.33743125202199936,0.13218439231645696,0.6836702491403842,0.4079273207284206,13.383721507325465,0.03634399548172951,23.4616732305741,-3.0816142331455474,7.285296875294113,0.00048828125
428032,0.25255474452554744,0.12250514296424943,0.7740167893815872,0.44826096617291833,13.404177248755166,0.03954553231596947,11.643831207636346,-0.6409515856964012,6.279302679269619,0.0
430080,0.20987654320987653,0.12334396854588171,0.4831891569240791,0.3032665627349804,13.409946118331536,0.019910432398319244,9.849638526641359,0.7990455852479817,7.544383198627991,0.00048828125
432128,0.2920843415139993,0.16466870998315838,0.40615481254037306,0.2854117612617657,13.425297878099524,0.01844729483127594,24.44175357597905,-3.6621122916196094,6.287988447705556,0.0
434176,0.27091491634033465,0.11029728386889805,0.6591202124275944,0.38470874814824624,13.4230261889371,0.025859087705612183,20.33967678014375,-2.496427951898239,6.6141617858336135,0.00048828125
436224,0.21078998073217725,0.10762349059578122,0.6632739497939261,0.38544872019485366,13.411535974828208,0.027514690533280373,10.504549335556385,-0.3152702318991083,5.77477113786527,0.0
438272,0.23809523809523808,0.1368901316386958,0.806131254455873,0.4715106930472844,13.42637773468381,0.04554137587547302,22.1634329020125,-2.780635610645166,7.345332527813489,0.0
440320,0.1273966766084363,0.13260480557140467,0.5919600139598589,0.36228240976563175,13.434375152072391,0.017879975959658623,14.10530373393642,-0.933034082684752,5.927962587004419,0.0
442368,0.3786407766990291,0.11900704161335643,0.5543964633001731,0.33670175245676476,13.4577552483632,0.029764294624328613,22.5683515912422,-3.203740876573459,7.485472027246437,0.0
444416,0.23866171003717473,0.27322290042223774,0.7062782133828867,0.4892434663721633,13.46460994010748,0.04673059284687042,11.94700886834984,-0.4458083269420927,6.843247958154815,0.00048828125
446464,0.3322464949462015,0.11564344906946644,0.5251559856813401,0.3203997173754033,13.477811257044474,0.02583269216120243,17.48237253258386,-1.7358322988220654,8.186749162656143,0.0
448512,0.2974271012006861,0.11121930389300637,0.6345868354582268,0.3729030696756166,13.488712273473325,0.027776755392551422,18.76458157987364,-2.165820505007425,8.201079821993455,0.0
450560,0.3452685421994885,0.13890618580792632,0.7431396965165528,0.44102294116223956,13.507005736292625,0.041979916393756866,16.682424676562388,-1.7977016031873252,6.649331638831778,0.0
452608,0.21321552055320783,0.12826159494679149,0.5137775825836309,0.3210195887652112,13.525432558757503,0.01898030750453472,19.69435731241336,-2.020670036084334,7.282496540692418,0.0
454656,0.36059943802684985,0.2906836866748099,0.5231711020859161,0.4063547652783652,13.53455633649639,0.0395321324467659,16.86058955961433,-0.9990636009954408,8.412267433721587,0.0009765625
456704,0.36,0.1476187936849892,0.4106417718231678,0.27913028275407853,13.541824382781982,0.021018043160438538,20.576745899676684,-2.211011630013532,8.109043960977843,0.0
458752,0.3651580905145691,0.15257062135154711,0.5752323560416699,0.3639014886966085,13.56078665303249,0.03054596669971943,13.222676239027868,-0.9436806990114438,7.337878657993919,0.0
460800,0.3926453143534994,0.13254851572707577,0.6032270224026914,0.3678877690648836,13.579689743833722,0.03213772922754288,17.33437174574618,-1.8270456758629963,7.229184363859588,0.0
462848,0.3410553410553411,0.10339347242700811,0.5719935294772898,0.33769350095214895,13.57795863248864,0.027997901663184166,14.235043452271748,-0.984907712279249,7.493793688609514,0.0
464896,0.20773694390715666,0.1744099462132265,0.7043093045491998,0.43935962538121315,13.584091026027028,0.02891390584409237,12.984116356424897,-0.6269568070385236,8.228418151262293,0.0
466944,0.3184692179700499,0.1203966618139059,0.5560077598120304,0.33820221081296814,13.619834670614688,0.028522126376628876,17.24357816280911,-1.68514158825276,7.758567949296285,0.0
468992,0.24511610762992997,0.10495179239660501,0.6761577756252399,0.3905547840109225,13.629902573518974,0.03728078305721283,9.769468912529609,-0.5299022951228005,6.0426697267838,0.0
471040,0.24594992636229748,0.11160328759876795,0.6513119061499141,0.381457596874341,13.641421912437261,0.02878333255648613,19.34776998725456,-1.7841136333396825,7.33766122691507,0.0
473088,0.48465022647206846,0.1466545174637484,0.612948478621524,0.3796163137848293,13.650497462257507,0.04229668527841568,17.73583791749743,-2.0090334839362614,7.8808559758258,0.0
475136,0.2625135037810587,0.15569863824427804,0.6411785307763652,0.39843858451032166,13.646194284612482,0.030680842697620392,13.235116221354325,-0.9203367702336123,6.829313529196822,0.0
477184,0.13877207737594618,0.21325476551428438,0.5539966656496285,0.38317618800921854,13.658298532586349,0.029923701658844948,11.721555229292688,-0.4036068774973692,6.962354509567004,0.0
479232,0.29500860585197936,0.1437952573330182,0.6910864663026903,0.4174408618178543,13.684758829033893,0.039600323885679245,15.627720077565952,-1.5080260975446071,7.335749203152451,0.0
481280,0.36653263223012683,0.10863066032236697,0.6211335414837973,0.36488210090308215,13.70023552015716,0.03506923466920853,14.093395908715621,-0.9773207257636276,7.858050658309201,0.0
483328,0.24926686217008798,0.12475392770368693,0.6434530099117479,0.3841034688077174,13.721895918735237,0.02381913736462593,21.343931598619193,-2.0128428180598674,7.6064633982002485,0.00048828125
485376,0.2979088104216661,0.10258606513557227,0.7987341575648473,0.45066011135020984,13.736132080658622,0.060095105320215225,15.102971464094288,-1.4150477558201404,6.3052220916338015,0.0
487424,0.13476975073933248,0.14397102418682864,0.4979664237112612,0.32096872394904497,13.752541962185422,0.019963981583714485,10.280028470619035,0.2825053132990193,6.765609994274802,0.0
489472,0.2866597004528039,0.13981463430656327,0.6824832997553878,0.41114896703097553,13.774223028818767,0.03697880357503891,13.363170417420816,-0.6948250166515395,6.8928210825279095,0.0
491520,0.25337222019686473,0.15883841447445543,0.515143095554654,0.3369907550145547,13.784262266824411,0.02752302587032318,11.955186057804417,-0.44777667805233107,6.970380366606252,0.0
493568,0.1157167530224525,0.23419158880070254,0.7310923521273182,0.48230577238327516,13.79790825972686,0.030214771628379822,12.638689879156871,-0.9552588814597911,4.6368715893719665,0.0
495616,0.20681642137877615,0.1898358997775287,0.662885706871748,0.4263608033246383,13.828662518757145,0.040517136454582214,8.760792994477999,0.34229694813020956,6.897419492038207,0.0
497664,0.16031160311603115,0.17166471257805824,0.5273709582337707,0.3490606294346346,13.851587897080641,0.01987474597990513,9.651681370481517,0.10913156726828084,7.882218302074577,0.0
499712,0.24316334072431633,0.15835363280547912,0.5389783655488214,0.34866599917715024,13.859955335217853,0.022091900929808617,9.800208689963535,-0.3906570208311076,5.916609078531201,0.0
501760,0.3361426256077796,0.09732112743492638,0.7379559737839261,0.41763855060942623,13.869167088489144,0.03282003104686737,20.65075371000819,-2.155821531841006,8.328488702725869,0.00048828125
